,x,pok,govt,gastech
1,we,,,
2,say,,,
3,they,,,
4,it,,,
5,president,,,
6,foreign,,,
7,accuse,,,
8,halt,,,
9,hour,,,
10,tiempo,,,
11,drug,,,
12,dob,,,
13,kronos,,,
14,with,,,
15,our,,,
16,cotton,,,
17,candy,,,
18,sugar,,,
19,caramel,,,
20,this,,,
21,much,,,
22,as,,,
23,gas,,,
24,arrest,,,
25,show,,,
26,temp,,,
27,work,,,
28,hr,,,
29,time,,,
30,offshore,,,
31,know,,,
32,u,,,
33,van,,,
34,i,,,
35,aid,,,
36,outside,,,
37,bianca,,,
38,how,,,
39,do,,,
40,sea,,,
41,karel,,,
42,center,,,
43,pok,,,
44,coast,,,
45,aforesaid,,,
46,ceos,,,
47,water,,,
48,at,,,
49,elian,,,
50,plane,,,
51,year,,,
52,gastech,,,
53,company,,,
54,its,,,
55,not,,,
56,from,,,
57,death,,,
58,fluss,,,
59,me,,,
60,then,,,
61,degree,,,
62,theft,,-1,-1
63,oil,,,
64,port,,,
65,centrum,,,
66,his,,,
67,ceo,,,
68,she,,,
69,police,,,
70,boat,,,
71,bodrogi,,,
72,concern,,,
73,he,,,
74,sanjorge,,,
75,begin,,,
76,you,,,
77,all,,,
78,people,,,
79,question,,,
80,very,,,
81,force,,,
82,shale,,,
83,on,,,
84,protest,1,,
85,elodis,,,
86,die,,,
87,karel’s,,,
88,by,,,
89,control,,,
90,other,,,
91,city,,,
92,tethys,,,
93,karel's,,,
94,field,,,
95,order,,,
96,hard,,,
97,take,,,
98,there,,,
99,wfa,,,
100,protester,1,,
101,two,,,
102,one,,,
103,resource,,,
104,slate,,,
105,designer,,,
106,no,,,
107,make,,,
108,assistance,,,
109,last,,,
110,acidic,,,-1
111,start,,,
112,kidnap,,,
113,would,,,
114,danisliau,,,
115,substance,,,
116,energy,,,
117,like,,,
118,new,,,
119,arrange,,,
120,if,,,
121,person,,,
122,leader,,,
123,party,,,
124,cost,,,
125,find,,,
126,tax,,,
127,official,,,
128,juliana,,,
129,but,,,
130,must,,,
131,fire,,,
132,demand,,,
133,life,,,
134,car,,,
135,old,,,
136,care,,,
137,need,,,
138,hyperacid,,,-1
139,about,,,
140,tell,,,
141,up,,,
142,when,,,
143,prepare,,,
144,who,,,
145,civil,,,
146,servant,,,
147,health,,,
148,into,,,
149,department,,,
150,homeland,,,
151,illumination,,,
152,will,,,
153,help,,,
154,hyper,,,
155,removal,,,
156,substrate,,,
157,julian,,,
158,officer,,,
159,check,,,
160,robber,,,
161,stable,,,
162,million,,,
163,kapelou,,,
164,international,,,
165,him,,,
166,public,,,
167,threat,,,
168,abila,,,
169,blog,,,
170,crowd,,,
171,protestor,1,,
172,sten,,,
173,collection,,,
174,business,,,
175,report,,,
176,because,,,
177,violence,,,
178,rally,,,
179,investigation,,,
180,member,,,
181,presidential,,,
182,team,,,
183,use,,,
184,community,,,
185,day,,,
186,since,,,
187,previous,,,
188,jr,,,
189,us,,,
190,relevación,,,
191,continue,,,
192,group,,,
193,location,,,
194,possession,,,
195,remain,,,
196,develop,,,
197,place,,,
198,door,,,
199,declaration,,,
200,fear,,,
201,hospital,,,
202,attack,,,
203,vote,,,
204,loblaw,,,
205,mdmc,,,
206,driver,,,
207,edris,,,
208,crow,,,
209,assembly,,,
210,flight,,,
211,reese,,,
212,environment,,,
213,understand,,,
214,bring,,,
215,poison,,,-1
216,give,,,
217,raise,,,
218,family,,,
219,nespola,,,
220,claim,,,
221,mob,,,
222,vann,,,
223,connect,,,
224,increase,,,
225,fund,,,
226,relief,,,
227,strum,,,
228,employee,,,
229,office,,,
230,great,,,
231,while,,,
232,ask,,,
233,few,,,
234,head,,,
235,over,,,
236,matter,,,
237,what,,,
238,staff,,,
239,many,,,
240,relate,,,
241,demonstrator,1,,
242,way,,,
243,early,,,
244,produce,,,
245,part,,,
246,often,,,
247,obtain,,,
248,gate,,,
249,witness,,,
250,worry,,,
251,passenger,,,
252,road,,,
253,large,,,
254,or,,,
255,change,,,
256,far,,,
257,charge,,,
258,gather,,,
259,meet,,,
260,billionaire,,,
261,truck,,,
262,citizen,,,
263,letter,,,
264,bend,,,
265,gastech's,,,
266,tiskele,,,
267,information,,,
268,speculation,,,
269,read,,,
270,riot,-1,,
271,today,,,
272,my,,,
273,several,,,
274,break,,,
275,minister,,,
276,protector,,,
277,site,,,
278,also,,,
279,avila,,,
280,individual,,,
281,build,,,
282,leave,,,
283,state,,,
284,chief,,,
285,contamination,,,-1
286,series,,,
287,small,,,
288,sr,,,
289,request,,,
290,research,,,
291,before,,,
292,cause,,,
293,hank,,,
294,operation,,,
295,disclose,,,
296,cup,,,
297,ship,,,
298,vehicle,,,
299,add,,,
300,agency,,,
301,child,,,
302,come,,,
303,couple,,,
304,here,,,
305,plant,,,
306,school,,,
307,speak,,,
308,test,,,
309,wellness,,,
310,activist,1,,
311,around,,,
312,shop,,,
313,customer,,,
314,kraft,,,
315,elan,,,
316,curve,,,
317,flame,,,
318,logo,,,
319,response,,,
320,bad,,,
321,country,,,
322,investment,,,
323,prosperity,,,
324,emergency,,,
325,organization,,,
326,send,,,
327,against,,,
328,first,,,
329,seem,,,
330,favoritism,,-1,-1
331,pok's,,,
332,go,,,
333,return,,,
334,conductor,,,
335,facility,,,
336,move,,,
337,them,,,
338,multimillionaire,,,
339,development,,1,1
340,extract,,,
341,only,,,
342,general,,,
343,cato,,,
344,barrel,,,
345,exploration,,,
346,production,,,
347,accident,,,
348,rural,,,
349,close,,,
350,front,,,
351,miss,,,
352,towards,,,
353,four,,,
354,elect,,,
355,ii,,,
356,benzene,,,
357,communicate,,,
358,culture,,,
359,end,,,
360,include,,,
361,kronosian,,,
362,personnel,,,
363,late,,,
364,hand,,,
365,alarm,,,
366,cheap,,,
367,income,,,
368,singapore,,,
369,situation,,,
370,prefer,,,
371,project,,,
372,east,,,
373,pillar,,,
374,mr,,,
375,arrival,,,
376,statement,,,
377,damage,,,
378,carol,,,
379,share,,,
380,foreigner,,,
381,assemble,,,
382,different,,,
383,sign,,,
384,disappear,,,
385,pollution,,,-1
386,employ,,,
387,so,,,
388,call,,,
389,headquarter,,,
390,kick,,,
391,noise,,,
392,plan,,,
393,after,,,
394,brake,,,
395,release,,,
396,controversial,,,
397,perforate,,,
398,think,,,
399,away,,,
400,expertise,,,
401,back,,,
402,crop,,,
403,town,,,
404,unrest,-1,,
405,thing,,,
406,high,,,
407,environmental,,,
408,get,,,
409,month,,,
410,name,,,
411,product,,,
412,under,,,
413,answer,,,
414,expect,,,
415,important,,,
416,present,,,
417,where,,,
418,capitol,,,
419,estimate,,,
420,register,,,
421,lead,,,
422,some,,,
423,see,,,
424,between,,,
425,haltings,,,
426,client,,,
427,themselves,,,
428,land,,,
429,through,,,
430,distribution,,,
431,harbor,,,
432,wharf,,,
433,deal,,,
434,pier,,,
435,choose,,,
436,believe,,,
437,drill,,,
438,parliament,,,
439,become,,,
440,discuss,,,
441,service,,,
442,stop,,,
443,message,,,
444,technique,,,
445,emblem,,,
446,expense,,,
447,standard,,,
448,rend,,,
449,already,,,
450,ander,,,
451,derde,,,
452,voice,,,
453,money,,,
454,vardshvna,,,
455,billion,,,
456,classification,,,
457,executive,,,
458,stake,,,
459,worth,,,
460,boy,,,
461,nine,,,
462,survive,,,
463,hear,,,
464,install,,,
465,chance,,,
466,nothing,,,
467,redeem,,,
468,behind,,,
469,confirm,,,
470,event,,,
471,security,,,
472,demonstration,1,,
473,incidence,,,
474,construction,,,
475,still,,,
476,contact,,,
477,ever,,,
478,reader,,,
479,ban,,,
480,due,,,
481,hasr,,,
482,probability,,,
483,such,,,
484,violent,,,
485,araullo,,,
486,era,,,
487,honor,,,
488,marek,,,
489,travel,,,
490,disaster,,,
491,global,,,
492,press,,,
493,limousine,,,
494,federal,,,
495,sing,,,
496,song,,,
497,reception,,,
498,relationship,,,
499,district,,,
500,label,,,
501,siopa,,,
502,smash,,,
503,window,,,
504,traffic,,,
505,any,,,
506,interrogate,,,
507,terrorist,-1,,
508,lack,,,
509,maintain,,,
510,mean,,,
511,now,,,
512,perceive,,,
513,alive,,,
514,direction,,,
515,haneson,,,
516,hope,,,
517,ignite,,,
518,ngohebo,,,
519,post,,,
520,recent,,,
521,scene,,,
522,writer,,,
523,chant,,,
524,hold,,,
525,growth,,,
526,tuesday,,,
527,count,,,
528,defeat,,,
529,measure,,,
530,corruption,,-1,-1
531,her,,,
532,join,,,
533,km,,,
534,sick,,,
535,board,,,
536,deny,,,
537,george,,,
538,ipo,,,
539,jump,,,
540,st,,,
541,fact,,,
542,unaccounted,,,
543,currently,,,
544,safety,,,
545,try,,,
546,morning,,,
547,news,,,
548,yesterday,,,
549,sarto,,,
550,big,,,
551,heart,,,
552,inside,,,
553,investor,,,
554,past,,,
555,provide,,,
556,soon,,,
557,thousand,,,
558,clear,,,
559,fill,,,
560,operate,,,
561,picture,,,
562,level,,,
563,minor,,,
564,article,,,
565,eventually,,,
566,own,,,
567,resident,,,
568,rise,,,
569,store,,,
570,township,,,
571,jail,,,
572,criminal,-1,,
573,FALSE,,,
574,favor,,,
575,load,,,
576,dead,,,
577,require,,,
578,another,,,
579,body,,,
580,remember,,,
581,same,,,
582,shake,,,
583,tighten,,,
584,spokesman,,,
585,license,,,
586,corporate,,,
587,fourteen,,,
588,however,,,
589,local,,,
590,today's,,,
591,movement,,,
592,leadership,,,
593,attend,,,
594,satisfy,,,
595,burn,,,
596,explosion,,,
597,necklace,,,
598,result,,,
599,spark,,,
600,spring,,,
601,incident,,,
602,assault,,,
603,carmen,,,
604,man,,,
605,patrol,,,
606,collision,,,
607,commission,,,
608,initial,,,
609,koppolis,,,
610,program,,,
611,draw,,,
612,interest,,,
613,material,,,
614,ms,,,
615,perhaps,,,
616,publish,,,
617,representative,,,
618,river,,,
619,source,,,
620,three,,,
621,upstream,,,
622,building,,,
623,downtown,,,
624,mention,,,
625,slogan,,,
626,apprehension,,,
627,short,,,
628,extension,,,
629,blue,,,
630,clean,,,
631,company's,,,
632,future,,,
633,international's,,,
634,rebranding,,,
635,tri,,,
636,nobody,,,
637,ahead,,,
638,always,,,
639,able,,,
640,cold,,,
641,drymiau,,,
642,main,,,
643,terrorism,-1,,
644,eight,,,
645,fuel,,,
646,seven,,,
647,type,,,
648,brita,,,
649,cusema,,,
650,dunna,,,
651,ferdinand,,,
652,pedestrn,,,
653,salaniau,,,
654,shoplift,,,
655,thad,,,
656,both,,,
657,requirement,,,
658,task,,,
659,measurement,,,
660,wonder,,,
661,disease,,,-1
662,assert,,,
663,issue,,,
664,martyr,,,
665,surround,,,
666,capital,,,
667,direct,,,
668,distant,,,
669,each,,,
670,look,,,
671,world,,,
672,carry,,,
673,responsibility,,,
674,system,,,
675,turnover,,,
676,eyewitness,,,
677,point,,,
678,blame,,,
679,root,,,
680,vandalism,-1,,
681,incentive,,,
682,lure,,,
683,vincent,,,
684,seriousness,,,
685,chain,,,
686,word,,,
687,bed,,,
688,modern,,,
689,act,,,
690,democratic,,,
691,election,,,
692,union,,,
693,activity,,,
694,inspector,,,
695,street,,,
696,home,,,
697,rebecca,,,
698,commissioner,,,
699,community's,,,
700,meeting,,,
701,ministry,,,
702,struggle,1,,
703,abundance,,,
704,during,,,
705,rapid,,,
706,reach,,,
707,well,,,
708,yet,,,
709,wound,,,
710,decrease,,,
711,collective,,,
712,osvaldo,,,
713,refuse,,,
714,announce,,,
715,occasion,,,
716,jet,,,
717,destroy,,,
718,ransom,,,
719,watch,,,
720,café,,,
721,friday,,,
722,justice,,,
723,mission,,,
724,dorel,,,
725,advantage,,,
726,envisage,,,
727,just,,,
728,note,,,
729,personal,,,
730,really,,,
731,succeed,,,
732,loot,-1,,
733,senior,,,
734,tethyn,,,
735,peaceful,1,,
736,juliana's,,,
737,didn’t,,,
738,he’ll,,,
739,supporter,,,
740,collar,,,
741,pin,,,
742,attention,,,
743,case,,,
744,explain,,,
745,science,,,
746,delouse,,,
747,poll,,,
748,agreement,,,
749,meter,,,
750,earth,,,
751,warehouse,,,
752,bldg,,,
753,airport,,,
754,background,,,
755,flat,,,
756,remove,,,
757,similar,,,
758,supply,,,
759,whether,,,
760,design,,,
761,investigate,,,
762,oncologist,,,
763,backwards,,,
764,brief,,,
765,pm,,,
766,year's,,,
767,noriega,,,
768,securings,,,
769,active,,,
770,successful,,,
771,cancer,,,
772,among,,,
773,posterior,,,
774,ratio,,,
775,crime,,,
776,deserve,,,
777,submit,,,
778,plunder,,,-1
779,ins,,,
780,sit,,,
781,megaphone,,,
782,signaler,,,
783,insurance,,,
784,injury,,,
785,win,,,
786,phone,,,
787,barranca,,,
788,prevent,,,
789,receive,,,
790,confuse,,,
791,finish,,,
792,figure,,,
793,luis,,,
794,carrot,,,
795,examine,,,
796,support,,,
797,step,,,
798,sickness,,,-1
799,approximately,,,
800,reunion,,,
801,upgrade,,,
802,a.m,,,
803,access,,,
804,block,,,
805,fashion,,,
806,destination,,,
807,carman,,,
808,supplier,,,
809,lot,,,
810,pais,,,
811,vasco,,,
812,didn't,,,
813,he'll,,,
814,instruct,,,
815,fault,,,
816,pressure,,,
817,assistant,,,
818,lagos,,,
819,orhan,,,
820,unavailable,,,
821,cut,,,
822,ribbon,,,
823,fast,,,
824,corporative,,,
825,barranco,,,
826,conference,,,
827,safe,,,
828,bomb,,,
829,focus,,,
830,regulation,,,
831,shift,,,
832,authority,,,
833,baton,,,
834,disperse,,,
835,shield,,,
836,tear,,,
837,advance,,,
838,airplane,,,
839,long,,,
840,may,,,
841,bore,,,
842,transaction,,,
843,consider,,,
844,estimation,,,
845,study,,,
846,arouse,,,
847,curiosity,,,
848,provision,,,
849,vast,,,
850,catch,,,
851,until,,,
852,wear,,,
853,story,,,
854,attempt,,,
855,yield,,,
856,indication,,,
857,kronos's,,,
858,hatch,,,
859,breakage,,,
860,districto,,,
861,national,,,
862,black,,,
863,grind,,,
864,whose,,,
865,inform,,,
866,real,,,
867,accardi,,,
868,captain,,,
869,size,,,
870,tape,,,
871,responsible,,,
872,earn,,,
873,luminous,,,
874,non,,,
875,quantity,,,
876,battle,,,
877,candle,,,
878,constant,,,
879,friend,,,
880,illness,,,-1
881,neighbor,,,
882,rapt,,,
883,silvia,,,
884,white,,,
885,whom,,,
886,depart,,,
887,namely,,,
888,attribute,,,
889,private,,,
890,near,,,
891,centre,,,
892,trade,,,
893,debt,,,
894,stick,,,
895,teargas,,,
896,vis,,,
897,construct,,,
898,devise,,,
899,tempt,,,
900,round,,,
901,mark,,,
902,zone,,,
903,deceive,,-1,-1
904,fiscal,,,
905,available,,,
906,babble,,,
907,spread,,,
908,strength,,,
909,keep,,,
910,follow,,,
911,without,,,
912,interior,,,
913,effect,,,
914,package,,,
915,throughout,,,
916,kilometer,,,
917,reporter,,,
918,hardly,,,
919,TRUE,,,
920,drive,,,
921,exit,,,
922,doctor,,,
923,qualify,,,
924,room,,,
925,unknown,,,
926,seat,,,
927,achieve,,,
928,anything,,,
929,caterer,,,
930,once,,,
931,rumor,,,
932,index,,,
933,command,,,
934,feel,,,
935,execution,,,
936,off,,,
937,emphasis,,,
938,property,,,
939,abila's,,,
940,difficulty,,,
941,ensure,,,
942,seek,,,
943,soil,,,
944,accountability,,-1,-1
945,profit,,,
946,gerhard,,,
947,forward,,,
948,number,,,
949,sack,,,
950,delude,,,
951,unusual,,,
952,evaluation,,,
953,knowledge,,,
954,spectator,,,
955,progress,,,
956,nor,,,
957,petrus,,,
958,transport,,,
959,floor,,,
960,thorough,,,
961,price,,,
962,expansion,,,
963,arrive,,,
964,medium,,,
965,reply,,,
966,serious,,,
967,institute,,,
968,position,,,
969,set,,,
970,observe,,,
971,telephone,,,
972,additional,,,
973,anti,,,
974,cannot,,,
975,former,,,
976,free,1,,
977,gathering,,,
978,image,,,
979,innocent,1,,
980,murder,,,
981,power,,,
982,simply,,,
983,solidarity,,,
984,ten,,,
985,thursday,,,
986,toll,,,
987,ada,,,
988,adviser,,,
989,beatriz,,,
990,campo,,,
991,cfo,,,
992,cio,,,
993,condition,,,
994,corrente,,,
995,cubic,,,
996,daily,,,
997,found,,,
998,ingrid,,,
999,lately,,,
1000,s,,,
1001,save,,,
1002,sorry,,,
1003,willem,,,
1004,allow,,,
1005,avoid,,,
1006,confrontation,,,
1007,evacuate,,,
1008,flavor,,,
1009,jan,,,
1010,ploy,,,
1011,describe,,,
1012,fly,,,
1013,initially,,,
1014,proceed,,,
1015,victim,,,
1016,associate,,,
1017,financial,,,
1018,immediately,,,
1019,even,,,
1020,exploitation,,,
1021,monday,,,
1022,value,,,
1023,vicinity,,,
1024,araullo's,,,
1025,fair,,,
1026,aandacht,,,
1027,cite,,,
1028,cousin,,,
1029,empty,,,
1030,threaten,,,
1031,zoekende,,,
1032,asteria,,,
1033,conservative,,,
1034,dwarf,,,
1035,flag,,,
1036,groundbreaking,,,
1037,heel,,,
1038,job,,,
1039,less,,,
1040,par,,,
1041,preliminary,,,
1042,tethan,,,
1043,protection,,,
1044,annual,,,
1045,author,,,
1046,conflict,,,
1047,confusion,,,
1048,contribute,,,
1049,edvard,,,
1050,fireman,,,
1051,happen,,,
1052,january,,,
1053,respond,,,
1054,serve,,,
1055,suspect,,,
1056,target,,,
1057,transition,,,
1058,frequency,,,
1059,week,,,
1060,chronic,,,
1061,detail,,,
1062,devastate,,,-1
1063,exceptionally,,,
1064,highlight,,,
1065,municipal,,,
1066,oncology,,,
1067,rate,,,
1068,update,,,
1069,web,,,
1070,external,,,
1071,fix,,,
1072,p2o,,,
1073,action,,,
1074,ago,,,
1075,convey,,,
1076,correspondent,,,
1077,hindrance,,,
1078,recognize,,,
1079,social,,,
1080,country's,,,
1081,deem,,,
1082,extraction,,,
1083,impact,,,
1084,innovative,,,1
1085,loss,,,
1086,officially,,,
1087,quite,,,
1088,table,,,
1089,technique's,,,
1090,unacceptable,,,
1091,waste,,,
1092,communication,,,
1093,decade,,,
1094,allege,,,
1095,choice,,,
1096,comment,,,
1097,escalate,,,
1098,largely,,,
1099,resolve,,,
1100,rufus,,,
1101,sort,,,
1102,trespass,,,
1103,agree,,,
1104,base,,,
1105,education,,,
1106,exclusive,,,
1107,fortune,,,
1108,infrastructure,,,
1109,labor,,,
1110,limit,,,
1111,line,,,
1112,visionary,,,1
1113,controversy,,,
1114,evident,,,
1115,hyperactive,,,
1116,mortality,,,
1117,ravage,,,
1118,unusually,,,
1119,actual,,,
1120,afternoon,,,
1121,bear,,,
1122,ceramic,,,
1123,conclude,,,
1124,enter,,,
1125,everyone,,,
1126,healthy,,,
1127,june,,,
1128,minute,,,
1129,pace,,,
1130,presence,,,
1131,slowly,,,
1132,spray,,,
1133,storm,,,
1134,thrive,,,
1135,vision,,,
1136,cordon,,,
1137,decline,,,
1138,huge,,,
1139,kill,,,
1140,classify,,,
1141,directly,,,
1142,guide,,,
1143,neighborhood,,,
1144,offer,,,
1145,player,,,
1146,stock,,,
1147,children's,,,
1148,crash,,,
1149,custody,,,
1150,declare,,,
1151,beneath,,,
1152,deposit,,,
1153,island,,,
1154,mediterranean,,,
1155,dispute,,,
1156,entire,,,
1157,farmer,,,
1158,fifteen,,,
1159,orderly,1,,
1160,sway,,,
1161,wait,,,
1162,weaver,,,
1163,regard,,,
1164,clash,,,
1165,justifiably,,,
1166,opportunistic,,,
1167,owner,,,
1168,accord,,,
1169,enforcement,,,
1170,example,,,
1171,involve,,,
1172,law,,,
1173,prompt,,,
1174,stay,,,
1175,apparent,,,
1176,roughly,,,
1177,similarity,,,
1178,stem,,,
1179,stone,,,
1180,unturned,,,
1181,whatsoever,,,
1182,apparently,,,
1183,dozen,,,
1184,hundred,,,
1185,improve,,,
1186,justify,,,
1187,peace,,,
1188,quote,,,
1189,reason,,,
1190,reference,,,
1191,smoke,,,
1192,strongly,,,
1193,drove,,,
1194,tomorrow,,,
1195,wind,,,
1196,alliance,,,
1197,celebrate,,,
1198,kleptocracy,,-1,
1199,luxury,,,
1200,mansion,,,
1201,rank,,,
1202,soiree,,,
1203,unfettered,,,
1204,unholy,,,
1205,adrien,,,
1206,entrance,,,
1207,icon,,,
1208,occupant,,,
1209,overwhelmingly,,,
1210,resultant,,,
1211,gen,,,
1212,unit,,,
1213,cannon,,,
1214,chaos,,,
1215,heroic,1,,
1216,injure,,,
1217,kind,,,
1218,occur,,,
1219,paint,,,
1220,pepper,,,
1221,rush,,,
1222,usual,,,
1223,wave,,,
1224,anticipate,,,
1225,characteristic,,,
1226,economy,,1,
1227,gdp,,,
1228,gross,,,
1229,internal,,,
1230,locate,,,
1231,merchandize,,,
1232,positive,,,
1233,relation,,,
1234,row,,,
1235,trimester,,,
1236,abilians,,,
1237,amid,,,
1238,gang,,,
1239,girl,,,
1240,homestead,,,
1241,reinforcement,,,
1242,skirmish,,,
1243,snarl,,,
1244,cover,,,
1245,morgue,,,
1246,net,,,
1247,blow,,,
1248,cesare,,,
1249,cleanup,,,-1
1250,grassroots,1,,
1251,harsh,,,
1252,healthcare,,,
1253,hometown,,,
1254,margin,,,
1255,propose,,,
1256,reverse,,,
1257,wide,,,
1258,appeal,,,
1259,awareness,,,
1260,display,,,
1261,heinous,,-1,-1
1262,i'm,,,
1263,nepotism,,-1,-1
1264,pervasive,,,
1265,insist,,,
1266,situate,,,
1267,townspeople,,,
1268,west,,,
1269,champion,,,
1270,diminish,,,
1271,emeritus,,,
1272,extinguish,,,
1273,light,,,
1274,major,,,
1275,role,,,
1276,son,,,
1277,wife,,,
1278,administrative,,,
1279,discover,,,
1280,miriam,,,
1281,reveal,,,
1282,abduct,,,
1283,anyone,,,
1284,determine,,,
1285,learn,,,
1286,necessarily,,,
1287,should,,,
1288,stress,,,
1289,though,,,
1290,ally,,,
1291,angry,,,
1292,bullhorn,,,
1293,displeasure,,,
1294,enough,,,
1295,grab,,,
1296,incite,,,
1297,peacefully,1,,
1298,rabble,,,
1299,rouser,,,
1300,vent,,,
1301,aggressive,,,
1302,allegedly,,,
1303,complaint,,,
1304,consequence,,,
1305,increasingly,,,
1306,multiple,,,
1307,tactic,,,
1308,continuous,,,
1309,employsof,,,
1310,identify,,,
1311,neither,,,
1312,play,,,
1313,preview,,,
1314,probable,,,
1315,welcome,,,
1316,capacity,,,
1317,full,,,
1318,sponsor,,,
1319,perimeter,,,
1320,policeman,,,
1321,reconstruct,,,
1322,yellow,,,
1323,application,,,
1324,escort,,,
1325,interview,,,
1326,quickly,,,
1327,subject,,,
1328,pattern,,,
1329,accusation,,,
1330,across,,,
1331,align,,,
1332,certainly,,,
1333,create,,,
1334,dominant,,,
1335,enormous,,,
1336,tube,,,
1337,manor,,,
1338,profane,,,
1339,await,,,
1340,charismatic,1,,
1341,demagogue,-1,,
1342,ember,,,
1343,instead,,,
1344,policy,,,
1345,popularist,,,
1346,scale,,,
1347,why,,,
1348,identity,,,
1349,mystery,,,
1350,numb,,,
1351,rob,,,
1352,sure,,,
1353,acknowledge,,,
1354,art,,,
1355,frame,,,
1356,it's,,,
1357,resort,,,
1358,within,,,
1359,townspeople's,,,
1360,better,,,
1361,coffer,,,
1362,crafters,,,
1363,everyday,,,
1364,glitzy,,,
1365,guise,,,
1366,historic,,,
1367,intend,,,
1368,landmark,,,
1369,laud,,,
1370,payment,,,
1371,revolutionary,,,
1372,windfall,,,
1373,along,,,
1374,nearby,,,
1375,prior,,,
1376,corporation's,,,
1377,initiate,,,
1378,resurrect,,,
1379,roadblock,,,
1380,stream,,,
1381,convert,,,
1382,kapelou's,,,
1383,malcontent,-1,,
1384,maximum,,,
1385,pestilence,,,-1
1386,troop,,,
1387,conjecture,,,
1388,evasion,,,
1389,lawyer,,,
1390,michale,,,
1391,abrasion,,,
1392,afterwards,,,
1393,cardiac,,,
1394,cement,,,
1395,inexplicable,,,
1396,search,,,
1397,sudden,,,
1398,uncommon,,,
1399,wealth,,,
1400,quality,,,
1401,downward,,,
1402,oblige,,,
1403,phase,,,
1404,age,,,
1405,appearance,,,
1406,blunt,,,
1407,consistent,,,
1408,file,,,
1409,laceration,,,
1410,original,,,
1411,perform,,,
1412,specific,,,
1413,trauma,,,
1414,generally,,,
1415,urge,,,
1416,channel,,,
1417,editor's,,,
1418,monitor,,,
1419,overhear,,,
1420,scanner,,,
1421,unspecified,,,
1422,dollar,,,
1423,previously,,,
1424,shock,,,
1425,regional,,,
1426,abnormal,,,
1427,grant,,,
1428,practice,,,
1429,affair,,,
1430,american,,,
1431,archetypal,,,
1432,assist,,,
1433,coo,,,
1434,expert,,,
1435,john,,,
1436,kidnapping,,,
1437,possibly,,,
1438,rathburn,,,
1439,shortly,,,
1440,assumption,,,
1441,clock,,,
1442,confirmation,,,
1443,investigator,,,
1444,perpetrator,,,
1445,record,,,
1446,copy,,,
1447,neat,,,
1448,paddle,,,
1449,filing,,,
1450,newly,,,
1451,vest,,,
1452,datum,,,
1453,doubt,,,
1454,evacuamento,,,
1455,producer,,,
1456,authorize,,,
1457,lawbreaker,-1,,
1458,misfortunate,,,
1459,opportunity,,,
1460,outlet,,,
1461,recover,,,
1462,kidnapper,,,
1463,suspicion,,,
1464,unofficial,,,
1465,highway,,,
1466,host,,,
1467,modernization,,1,1
1468,numerous,,,
1469,pave,,,
1470,star,,,
1471,failure,,,
1472,presumably,,,
1473,afd,,,
1474,re,,,
1475,unite,,,
1476,dual,,,
1477,evacuation,,,
1478,foot,,,
1479,methane,,,
1480,subsequent,,,
1481,sunday,,,
1482,underground,,,
1483,safely,,,
1484,speculate,,,
1485,transfer,,,
1486,werethe,,,
1487,arm,,,
1488,despite,,,
1489,handcuff,,,
1490,lock,,,
1491,ceremony,,,
1492,gear,,,
1493,path,,,
1494,prosperous,,1,1
1495,comprise,,,
1496,descend,,,
1497,dispatch,,,
1498,ambush,,,
1499,bash,,,
1500,creep,,,
1501,deface,-1,,
1502,drag,,,
1503,thug,-1,,
1504,daughter,,,
1505,primary,,,
1506,again,,,
1507,appear,,,
1508,broad,,,
1509,coordinator,,,
1510,dark,,,
1511,groundwater,,,
1512,kronesian,,,
1513,trickle,,,
1514,contend,,,
1515,evolve,,,
1516,elsewhere,,,
1517,erupt,,,
1518,flee,,,
1519,theme,,,
1520,unify,,,
1521,fork,,,
1522,convict,,,
1523,deliver,,,
1524,hoofdkwartier,,,
1525,awelon,,,
1526,hagar,,,
1527,heavily,,,
1528,please,,,
1529,spontaneous,,,
1530,escape,,,
1531,workshop,,,
1532,commentary,,,
1533,hooligan,,,
1534,alternative,,,
1535,fanfare,,,
1536,leaf,,,
1537,let,,,
1538,reminiscent,,,
1539,represent,,,
1540,trouble,,,
1541,unfounded,,,
1542,dilute,,,
1543,exploit,,,
1544,hypocrisy,,-1,-1
1545,obviously,,,
1546,undermine,,,
1547,innocence,,,
1548,dedicate,,,
1549,cord,,,
1550,impressive,,,
1551,notice,,,
1552,sorrow,,,
1553,silence,,,
1554,departure,,,
1555,fueler,,,
1556,italy,,,
1557,ravi,,,
1558,relax,,,
1559,rome,,,
1560,separate,,,
1561,sixteen,,,
1562,announcement,,,
1563,blumiau,,,
1564,cynthe,,,
1565,gudenz,,,
1566,hashish,,,
1567,kel,,,
1568,signal,,,
1569,adequate,,,
1570,carelessness,,,
1571,casablancas,,,
1572,condemn,,,
1573,conservation,,,
1574,consultant,,,
1575,cooperate,,,
1576,ignore,,,
1577,ingmar,,,
1578,levy,,,
1579,tirelessly,,,
1580,widespread,,,
1581,penetrate,,,
1582,dismantle,,,
1583,federigo,,,
1584,pack,,,
1585,formation,,,
1586,kapelou’s,,,
1587,military,,,
1588,operational,,,
1589,readdress,,,
1590,readiness,,,
1591,recruit,,,
1592,presumablly,,,
1593,alien,,,
1594,resolution,,,
1595,evidence,,,
1596,incarcerate,1,-1,
1597,undetermined,,,
1598,helicopter,,,
1599,impossible,,,
1600,recommend,,,
1601,visit,,,
1602,atan,,,
1603,domestic,,,
1604,quarter,,,
1605,eloquently,,,
1606,lane,,,
1607,lord,,,
1608,six,,,
1609,schedule,,,
1610,intimidate,,-1,-1
1611,dawn,,,
1612,pre,,,
1613,acetic,,,
1614,anhydride,,,
1615,chlorine,,,
1616,comparative,,,
1617,dioxide,,,
1618,hardship,,,
1619,justifiable,,,
1620,mutilation,,,
1621,rademark,,,
1622,undisputed,,,
1623,projection,,,
1624,specifically,,,
1625,undeveloped,,,
1626,venture,,,
1627,andreas,,,
1628,brother,,,
1629,kaeplou,,,
1630,prolong,,,
1631,profess,,,
1632,exceed,,,
1633,administrator,,,
1634,electrical,,,
1635,modernize,,1,1
1636,moreover,,,
1637,pure,,,
1638,pursue,,,
1639,bronze,,,
1640,via,,,
1641,bright,,,
1642,capture,,,
1643,chorus,,,
1644,industrialist,,,
1645,mere,,,
1646,president's,,,
1647,ren,,,
1648,resound,,,
1649,stand,,,
1650,touvi,,,
1651,alert,,,
1652,ample,,,
1653,mental,,,
1654,methyldimethyl,,,
1655,tariff,,,
1656,nature,,,
1657,wake,,,
1658,account,,,
1659,deeply,,,
1660,i've,,,
1661,involvement,,,
1662,we're,,,
1663,jules,,,
1664,strong,,,
1665,sufficient,,,
1666,survey,,,
1667,ashamed,,,
1668,midday,,,
1669,cross,,,
1670,deadly,-1,,
1671,elodisian,,,
1672,characterize,,,
1673,elaborate,,,
1674,internet,,,
1675,conversation,,,
1676,additionally,,,
1677,allocation,,,
1678,motion,,,
1679,revise,,,
1680,either,,,
1681,brazen,,,
1682,string,,,
1683,terroristic,-1,,
1684,hinder,,,
1685,ongoing,,,
1686,potentially,,,
1687,website,,,
1688,dress,,,
1689,lurk,,,
1690,uneven,,,
1691,appoint,,,
1692,ethylene,,,
1693,glycol,,,
1694,phenol,,,
1695,unprecedented,,,
1696,finding,,,
1697,fireball,,,
1698,countryman,,,
1699,shine,,,
1700,else,,,
1701,nephew,,,
1702,desk,,,
1703,donor,,,
1704,resupplied,,,
1705,behave,,,
1706,shamelessly,,-1,-1
1707,shoulder,,,
1708,talk,,,
1709,nonetheless,,,
1710,purport,,,
1711,persecution,,-1,
1712,poetry,,,
1713,reading,,,
1714,bill,,,
1715,prime,,,
1716,excite,,,
1717,noon,,,
1718,sound,,,
1719,bold,,,
1720,ludicrous,,,
1721,reap,,,
1722,tremendous,,,
1723,concede,,,
1724,fort,,,
1725,mandate,,,
1726,october,,,
1727,victory,,,
1728,peak,,,
1729,vinegar,,,
1730,fossil,,,
1731,anarchist,-1,,
1732,credit,,,
1733,rhetoric,,,
1734,overnight,,,
1735,presume,,,
1736,unconfirmed,,,
1737,whereabouts,,,
1738,bureau,,,
1739,economics,,,
1740,output,,,
1741,adapt,,,
1742,drop,,,
1743,stage,,,
1744,bystander,,,
1745,cowlings,,,
1746,drown,,,
1747,superior,,,
1748,sometime,,,
1749,testimony,,,
1750,unnamed,,,
1751,blend,,,
1752,combat,,,
1753,usage,,,
1754,secure,,,
1755,automobile,,,
1756,barricade,,,
1757,clothe,,,
1758,gun,,,
1759,item,,,
1760,lifestyle,,,
1761,squad,,,
1762,sweet,,,
1763,sketchy,,,
1764,intentionally,,,
1765,pull,,,
1766,trademark,,,
1767,procedure,,,
1768,unable,,,
1769,pray,,,
1770,slightly,,,
1771,eager,,,
1772,generous,,,
1773,likely,,,
1774,advisor,,,
1775,oversight,,,
1776,safeguard,,,
1777,wfa's,,,
1778,administration's,,,
1779,bachelor's,,,
1780,master's,,,
1781,nespola's,,,
1782,physician,,,
1783,tireless,,,
1784,welfare,,,
1785,bird,,,
1786,broker,,,
1787,claudio,,,
1788,deep,,,
1789,depth,,,
1790,dredge,,,
1791,export,,,
1792,import,,,
1793,morluniau,,,
1794,extensive,,,
1795,connection,,,
1796,pair,,,
1797,earnings,,,
1798,performance,,,
1799,proportion,,,
1800,inner,,,
1801,sirene,,,
1802,breakfast,,,
1803,paraphernalia,,,
1804,motive,,,
1805,tense,,,
1806,advocate,,,
1807,annul,,,
1808,antigovernment,,,
1809,premature,,,
1810,they're,,,
1811,pari,,,
1812,stamp,,,
1813,wander,,,
1814,generate,,,
1815,prevail,,,
1816,immediate,,,
1817,refuel,,,
1818,prohibit,,,
1819,transit,,,
1820,massive,,,
1821,assertion,,,
1822,guidance,,,
1823,inspirational,,,
1824,celebration,,,
1825,coverage,,,
1826,half,,,
1827,orchestrate,,,
1828,spectacle,,,
1829,someone,,,
1830,toward,,,
1831,provoke,,,
1832,restlessness,,,
1833,escalation,,,
1834,compose,,,
1835,delegation,,,
1836,edge,,,
1837,hide,,,
1838,smooth,,,
1839,conserve,,,
1840,beanbag,,,
1841,craze,,,
1842,glass,,,
1843,shoot,,,
1844,shotgun,,,
1845,stab,,,
1846,antifire,,,
1847,award,,,
1848,government's,,,
1849,workforce,,,
1850,manager,,,
1851,grandchild,,,
1852,vacation,,,
1853,nearly,,,
1854,error,,,
1855,kaeplou's,,,
1856,gleam,,,
1857,dwindle,,,
1858,pitch,,,
1859,world's,,,
1860,odd,,,
1861,assess,,,
1862,encircle,,,
1863,presuppose,,,
1864,centric,,,
1865,fold,,,
1866,sale,,,
1867,sweep,,,
1868,trend,,,
1869,strum's,,,
1870,twenty,,,
1871,unidentified,,,
1872,gsatech,,,
1873,uneasy,,,
1874,client's,,,
1875,week's,,,
1876,plague,,-1,-1
1877,responsive,,,
1878,native,,,
1879,participation,,,
1880,apply,,,
1881,hazardous,,,
1882,lobby,,,
1883,residential,,,
1884,interruption,,,
1885,acquisition,,,
1886,honest,,,
1887,interrogation,,,
1888,likeness,,,
1889,visibly,,,
1890,pad,,,
1891,beyond,,,
1892,drip,,,
1893,null,,,
1894,slide,,,
1895,conferencesome,,,
1896,modify,,,
1897,putting,,,
1898,astound,,,
1899,originally,,,
1900,sarto's,,,
1901,outdate,,,
1902,lawful,1,,
1903,siren,,,
1904,plane's,,,
1905,commotion,,,
1906,indeterminant,,,
1907,specify,,,
1908,anonymity,,,
1909,hullaballoo,,,
1910,nonemployees,,,
1911,vip,,,
1912,disconnect,,,
1913,tersely,,,
1914,shouldn't,,,
1915,onboard,,,
1916,reportedly,,,
1917,beautiful,,,
1918,commitment,,,
1919,engineer,,,
1920,geologist,,,
1921,monument,,,
1922,sanjorge's,,,
1923,space,,,
1924,sport,,,
1925,steel,,,
1926,inability,,,
1927,substantiate,,,
1928,bye,,,
1929,hang,,,
1930,hesitant,,,
1931,linda,,,
1932,roof,,,
1933,sheet,,,
1934,unexpected,,,
1935,bucket,,,
1936,flash,,,
1937,match,,,
1938,oversize,,,
1939,scissor,,,
1940,smile,,,
1941,visible,,,
1942,privately,,,
1943,assume,,,
1944,link,,,
1945,diligence,,,
1946,render,,,
1947,haven't,,,
1948,blanes,,,
1949,friendly,,,
1950,hindsight,,,
1951,inevitable,,,
1952,ivar,,,
1953,lax,,-1,-1
1954,nonexistent,,,
1955,derogations,,,
1956,obligation,,,
1957,overview,,,
1958,canister,,,
1959,concert,,,
1960,don,,,
1961,suppress,,-1,-1
1962,armine,,,
1963,edria,,,
1964,fatalaccident,,,
1965,oncoming,,,
1966,wndering,,,
1967,speedy,,,
1968,trajectory,,,
1969,actually,,,
1970,inspect,,,
1971,permetted,,,
1972,spin,,,
1973,reserve,,,
1974,earmark,,,
1975,minster,,,
1976,query,,,
1977,expectation,,,
1978,oversized,,,
1979,tag,,,
1980,plight,,,
1981,sharp,,,
1982,applaud,,,
1983,suggest,,,
1984,bullhorns,,,
1985,dispersal,,,
1986,handful,,,
1987,hurl,,,
1988,insult,,,
1989,melee,,,
1990,acclimatize,,,
1991,detach,,,
1992,puttinges,,,
1993,till,,,
1994,enumerate,,,
1995,incursion,,,
1996,blast,,,
1997,glimpse,,,
1998,sedan,,,
1999,voicemail,,,
2000,skip,,,
2001,grand,,,
2002,post's,,,
2003,sara,,,
2004,tuno,,,
2005,accurate,,,
2006,shadowy,,,
2007,vary,,,
2008,device,,,
2009,di,,,
2010,bombing,,,
2011,incumbent,,,
2012,posteriora,,,
2013,turnout,,,
2014,reporter's,,,
2015,tradename,,,
2016,mayhem,,,
2017,unchallenged,,,
2018,collide,,,
2019,wreckage,,,
2020,gangster,,,
2021,unlawfully,,-1,-1
2022,precaution,,,
2023,square,,,
2024,nonfounded,,,
2025,reappear,,,
2026,coroner’s,,,
2027,graft,,,
2028,rug,,,
2029,credible,,,
2030,clorina,,,
2031,elevate,,,
2032,below,,,
2033,bind,,,
2034,undisclosed,,,
2035,trigger,,,
2036,tune,,,
2037,rilasciata,,,
2038,avulsion,,,
2039,prohibition,,,
2040,province,,,
2041,brink,,,
2042,oversee,,,
2043,strain,,,
2044,angle,,,
2045,faith,,,
2046,tea,,,
2047,accommodate,,,
2048,engagement,,,
2049,subsequently,,,
2050,expire,,,
2051,residence,,,
2052,graduation,,,
2053,woonwaterputten,,,
2054,confess,,,
2055,cater,,,
2056,fancy,,,
2057,he'd,,,
2058,shrug,,,
2059,furthermore,,,
2060,nevel,,,
2061,schendden,,,
2062,menace,,,
2063,invoke,,,
2064,plenty,,,
2065,dissension,,,
2066,opportunist,,,
2067,uncontested,,,
2068,realm,,,
2069,sartos,,,
2070,x,,,
2071,exact,,,
2072,extremity,,,
2073,titubante,,,
2074,bombardment,,,
2075,brace,,,
2076,remainder,,,
2077,wire,,,
2078,permettendi,,,
2079,elevator,,,
2080,crystal,,,
2081,magnificent,,,
2082,weren't,,,
2083,regulate,,,
2084,existent,,,
2085,hearth,,,
2086,retrospectively,,,
2087,slacken,,,
2088,smell,,,
2089,subsoil,,,
2090,vann's,,,
2091,newfound,,,
2092,abound,,,
2093,department's,,,
2094,attache,,,
2095,presidentially,,,
2096,markering,,,
2097,shear,,,
2098,charter,,,
2099,hopefully,,,
2100,shed,,,
2101,concur,,,
2102,suit,,,
2103,fenol,,,
2104,inevitably,,,
2105,legislation,,,
2106,onbestaand,,,
2107,separately,,,
2108,successive,,,
2109,evolution,,,
2110,county,,,
2111,crown,,,
2112,innovate,,,1
2113,she'd,,,
2114,disappearance,,,
2115,anterior,,,
2116,father's,,,
2117,dew,,,
2118,endorsement,,,
2119,atrocious,,,
2120,exhibit,,,
2121,repeal,,,
2122,pulverize,,,
2123,ourselves,,,
2124,yard,,,
2125,dissatisfy,,,
2126,daylight,,,
2127,exacerbate,,,
2128,tenure,,,
2129,tint,,,
2130,unmarked,,,
2131,ink,,,
2132,marriage,,,
2133,prosecute,,,
2134,inadvertency,,,
2135,inlassablement,,,
2136,invoicees,,,
2137,devolve,,,
2138,game,,,
2139,loose,,,
2140,nonexisting,,,
2141,retrospect,,,
2142,rule,,,
2143,underneath,,,
2144,particularly,,,
2145,reinvestimento,,,
2146,confer,,,
2147,disown,,,
2148,fatherland,,,
2149,weather,,,
2150,weaverss,,,
2151,blogging,,,
2152,especially,,,
2153,reinvestment,,,
2154,hallmark,,,
2155,king,,,
2156,interdiction,,,
2157,perilous,,,
2158,innovator,,,1
